Index,Star_Name,Distance,Mass,Radius,Gravity
0,Sun,0.000015813,1.989e+30,695700000.0,274.2691614595739
1,Sirius,0008.6,4.1769e+30,1189647000.0,196.971799550325
3,Alpha Centauri,0004.4,2.1879e+30,834840000.0,209.51116500384123
I,n,v,a,l,i,d
